datetime,Equity,DrawdownPct,DrawdownDuration
2021-01-01 00:00:00+00:00,100000000.0,0.0,
2021-01-02 00:00:00+00:00,100000000.0,0.0,
2021-01-03 00:00:00+00:00,100000000.0,0.0,
2021-01-04 00:00:00+00:00,100000000.0,0.0,
2021-01-05 00:00:00+00:00,100000000.0,0.0,
2021-01-06 00:00:00+00:00,100000000.0,0.0,
2021-01-07 00:00:00+00:00,100000000.0,0.0,
2021-01-08 00:00:00+00:00,100000000.0,0.0,
2021-01-09 00:00:00+00:00,100000000.0,0.0,
2021-01-10 00:00:00+00:00,100000000.0,0.0,
2021-01-11 00:00:00+00:00,100000000.0,0.0,
2021-01-12 00:00:00+00:00,100000000.0,0.0,
2021-01-13 00:00:00+00:00,100000000.0,0.0,
2021-01-14 00:00:00+00:00,100000000.0,0.0,
2021-01-15 00:00:00+00:00,100000000.0,0.0,
2021-01-16 00:00:00+00:00,100000000.0,0.0,
2021-01-17 00:00:00+00:00,100000000.0,0.0,
2021-01-18 00:00:00+00:00,100000000.0,0.0,
2021-01-19 00:00:00+00:00,100000000.0,0.0,
2021-01-20 00:00:00+00:00,100384847.27756803,0.0,0 days 00:00:09
2021-01-21 00:00:00+00:00,100384847.27756803,0.0,
2021-01-22 00:00:00+00:00,100384847.27756803,0.0,
2021-01-23 00:00:00+00:00,100384847.27756803,0.0,
2021-01-24 00:00:00+00:00,100384847.27756803,0.0,
2021-01-25 00:00:00+00:00,100384847.27756803,0.0,
2021-01-26 00:00:00+00:00,100384847.27756803,0.0,
2021-01-27 00:00:00+00:00,100384847.27756803,0.0,
2021-01-28 00:00:00+00:00,100384847.27756803,0.0,
2021-01-29 00:00:00+00:00,100384847.27756803,0.0,
2021-01-30 00:00:00+00:00,100384847.27756803,0.0,
2021-01-31 00:00:00+00:00,100384847.27756803,0.0,
2021-02-01 00:00:00+00:00,100384847.27756803,0.0,
2021-02-02 00:00:00+00:00,100384847.27756803,0.0,
2021-02-03 00:00:00+00:00,100384847.27756803,0.0,
2021-02-04 00:00:00+00:00,100384847.27756803,0.0,
2021-02-05 00:00:00+00:00,100384847.27756803,0.0,
2021-02-06 00:00:00+00:00,100384847.27756803,0.0,
2021-02-07 00:00:00+00:00,100384847.27756803,0.0,
2021-02-08 00:00:00+00:00,100384847.27756803,0.0,
2021-02-09 00:00:00+00:00,100384847.27756803,0.0,
2021-02-10 00:00:00+00:00,100384847.27756803,0.0,
2021-02-11 00:00:00+00:00,100384847.27756803,0.0,
2021-02-12 00:00:00+00:00,100384847.27756803,0.0,
2021-02-13 00:00:00+00:00,100384847.27756803,0.0,
2021-02-14 00:00:00+00:00,100868174.912176,0.0,0 days 00:00:02
2021-02-15 00:00:00+00:00,101239238.03111199,0.0,0 days 00:00:05
2021-02-16 00:00:00+00:00,101731357.36831398,0.0,0 days 00:01:19
2021-02-17 00:00:00+00:00,101731357.36831398,0.0,
2021-02-18 00:00:00+00:00,101731357.36831398,0.0,
2021-02-19 00:00:00+00:00,101731357.36831398,0.0,
2021-02-20 00:00:00+00:00,101731357.36831398,0.0,
2021-02-21 00:00:00+00:00,101731357.36831398,0.0,
2021-02-22 00:00:00+00:00,101731357.36831398,0.0,
2021-02-23 00:00:00+00:00,101731357.36831398,0.0,
2021-02-24 00:00:00+00:00,101731357.36831398,0.0,
2021-02-25 00:00:00+00:00,101731357.36831398,0.0,
2021-02-26 00:00:00+00:00,101731357.36831398,0.0,
2021-02-27 00:00:00+00:00,101731357.36831398,0.0,
2021-02-28 00:00:00+00:00,101731357.36831398,0.0,
2021-03-01 00:00:00+00:00,101731357.36831398,0.0,
2021-03-02 00:00:00+00:00,101731357.36831398,0.0,
2021-03-03 00:00:00+00:00,101731357.36831398,0.0,
2021-03-04 00:00:00+00:00,101731357.36831398,0.0,
2021-03-05 00:00:00+00:00,101731357.36831398,0.0,
2021-03-06 00:00:00+00:00,101731357.36831398,0.0,
2021-03-07 00:00:00+00:00,101731357.36831398,0.0,
2021-03-08 00:00:00+00:00,101731357.36831398,0.0,
2021-03-09 00:00:00+00:00,101731357.36831398,0.0,
2021-03-10 00:00:00+00:00,101731357.36831398,0.0,
2021-03-11 00:00:00+00:00,102270833.41322596,0.0,0 days 00:00:02
2021-03-12 00:00:00+00:00,102640741.44872595,0.0,0 days 00:00:02
2021-03-13 00:00:00+00:00,103161797.88111795,0.0,0 days 00:00:02
2021-03-14 00:00:00+00:00,103161797.88111795,0.0,
2021-03-15 00:00:00+00:00,103161797.88111795,0.0,
2021-03-16 00:00:00+00:00,103161797.88111795,0.0,
2021-03-17 00:00:00+00:00,103161797.88111795,0.0,
2021-03-18 00:00:00+00:00,103161797.88111795,0.0,
2021-03-19 00:00:00+00:00,103845333.56923795,0.0,0 days 00:00:02
2021-03-20 00:00:00+00:00,103845333.56923795,0.0,
2021-03-21 00:00:00+00:00,104258302.78732795,0.0,0 days 00:00:03
2021-03-22 00:00:00+00:00,105292546.50877392,0.0,0 days 00:00:11
2021-03-23 00:00:00+00:00,105292546.50877392,0.0,
2021-03-24 00:00:00+00:00,105292546.50877392,0.0,
2021-03-25 00:00:00+00:00,105292546.50877392,0.0,
2021-03-26 00:00:00+00:00,105292546.50877392,0.0,
2021-03-27 00:00:00+00:00,105292546.50877392,0.0,
2021-03-28 00:00:00+00:00,105292546.50877392,0.0,
2021-03-29 00:00:00+00:00,105292546.50877392,0.0,
2021-03-30 00:00:00+00:00,105292546.50877392,0.0,
2021-03-31 00:00:00+00:00,105292546.50877392,0.0,
2021-04-01 00:00:00+00:00,105292546.50877392,0.0,
2021-04-02 00:00:00+00:00,105292546.50877392,0.0,
2021-04-03 00:00:00+00:00,105688143.20573993,0.0,0 days 00:00:05
2021-04-04 00:00:00+00:00,106206276.8067799,0.0,0 days 00:14:13
2021-04-05 00:00:00+00:00,106206276.8067799,0.0,
2021-04-06 00:00:00+00:00,106593893.1136759,0.0,0 days 00:00:31
2021-04-07 00:00:00+00:00,106593893.1136759,0.0,
2021-04-08 00:00:00+00:00,107175562.48159991,0.0,0 days 00:00:19
2021-04-09 00:00:00+00:00,107175562.48159991,0.0,
2021-04-10 00:00:00+00:00,107391388.5201839,0.0,0 days 00:00:02
2021-04-11 00:00:00+00:00,107391388.5201839,0.0,
2021-04-12 00:00:00+00:00,107920419.86009789,0.0,0 days 00:00:03
2021-04-13 00:00:00+00:00,107920419.86009789,0.0,
2021-04-14 00:00:00+00:00,107920419.86009789,0.0,
2021-04-15 00:00:00+00:00,107920419.86009789,0.0,
2021-04-16 00:00:00+00:00,107920419.86009789,0.0,
2021-04-17 00:00:00+00:00,101328043.51580189,0.06353436004836044,0 days 00:00:02
2021-04-18 00:00:00+00:00,101328043.51580189,0.06353436004836044,
2021-04-19 00:00:00+00:00,101328043.51580189,0.06353436004836044,
2021-04-20 00:00:00+00:00,101328043.51580189,0.06353436004836044,
2021-04-21 00:00:00+00:00,101328043.51580189,0.06353436004836044,
2021-04-22 00:00:00+00:00,101710393.9581179,0.06000070796917656,
2021-04-23 00:00:00+00:00,101710393.9581179,0.06000070796917656,
2021-04-24 00:00:00+00:00,101710393.9581179,0.06000070796917656,
2021-04-25 00:00:00+00:00,101710393.9581179,0.06000070796917656,
2021-04-26 00:00:00+00:00,101710393.9581179,0.06000070796917656,
2021-04-27 00:00:00+00:00,101710393.9581179,0.06000070796917656,
2021-04-28 00:00:00+00:00,101710393.9581179,0.06000070796917656,
2021-04-29 00:00:00+00:00,101710393.9581179,0.06000070796917656,
2021-04-30 00:00:00+00:00,102205955.4159379,0.055420768777314056,
2021-05-01 00:00:00+00:00,102205955.4159379,0.055420768777314056,
2021-05-02 00:00:00+00:00,102205955.4159379,0.055420768777314056,
2021-05-03 00:00:00+00:00,102205955.4159379,0.055420768777314056,
2021-05-04 00:00:00+00:00,102205955.4159379,0.055420768777314056,
2021-05-05 00:00:00+00:00,102205955.4159379,0.055420768777314056,
2021-05-06 00:00:00+00:00,102205955.4159379,0.055420768777314056,
2021-05-07 00:00:00+00:00,102205955.4159379,0.055420768777314056,
2021-05-08 00:00:00+00:00,102205955.4159379,0.055420768777314056,
2021-05-09 00:00:00+00:00,102205955.4159379,0.055420768777314056,
2021-05-10 00:00:00+00:00,103109356.9366039,0.04707160448054315,
2021-05-11 00:00:00+00:00,103109356.9366039,0.04707160448054315,
2021-05-12 00:00:00+00:00,103109356.9366039,0.04707160448054315,
2021-05-13 00:00:00+00:00,103109356.9366039,0.04707160448054315,
2021-05-14 00:00:00+00:00,103109356.9366039,0.04707160448054315,
2021-05-15 00:00:00+00:00,103109356.9366039,0.04707160448054315,
2021-05-16 00:00:00+00:00,103490963.8944759,0.04354482362487733,
2021-05-17 00:00:00+00:00,103490963.8944759,0.04354482362487733,
2021-05-18 00:00:00+00:00,103490963.8944759,0.04354482362487733,
2021-05-19 00:00:00+00:00,103490963.8944759,0.04354482362487733,
2021-05-20 00:00:00+00:00,103490963.8944759,0.04354482362487733,
2021-05-21 00:00:00+00:00,103490963.8944759,0.04354482362487733,
2021-05-22 00:00:00+00:00,103490963.8944759,0.04354482362487733,
2021-05-23 00:00:00+00:00,103490963.8944759,0.04354482362487733,
2021-05-24 00:00:00+00:00,103490963.8944759,0.04354482362487733,
2021-05-25 00:00:00+00:00,103490963.8944759,0.04354482362487733,
2021-05-26 00:00:00+00:00,103490963.8944759,0.04354482362487733,
2021-05-27 00:00:00+00:00,103490963.8944759,0.04354482362487733,
2021-05-28 00:00:00+00:00,103490963.8944759,0.04354482362487733,
2021-05-29 00:00:00+00:00,103490963.8944759,0.04354482362487733,
2021-05-30 00:00:00+00:00,103490963.8944759,0.04354482362487733,
2021-05-31 00:00:00+00:00,103490963.8944759,0.04354482362487733,
2021-06-01 00:00:00+00:00,103490963.8944759,0.04354482362487733,
2021-06-02 00:00:00+00:00,103490963.8944759,0.04354482362487733,
2021-06-03 00:00:00+00:00,103490963.8944759,0.04354482362487733,
2021-06-04 00:00:00+00:00,103490963.8944759,0.04354482362487733,
2021-06-05 00:00:00+00:00,103490963.8944759,0.04354482362487733,
2021-06-06 00:00:00+00:00,103490963.8944759,0.04354482362487733,
2021-06-07 00:00:00+00:00,103892906.35043994,0.03983010372910256,
2021-06-08 00:00:00+00:00,103892906.35043994,0.03983010372910256,
2021-06-09 00:00:00+00:00,103892906.35043994,0.03983010372910256,
2021-06-10 00:00:00+00:00,103892906.35043994,0.03983010372910256,
2021-06-11 00:00:00+00:00,103892906.35043994,0.03983010372910256,
2021-06-12 00:00:00+00:00,103892906.35043994,0.03983010372910256,
2021-06-13 00:00:00+00:00,104586094.1154679,0.03342371807849698,
2021-06-14 00:00:00+00:00,104586094.1154679,0.03342371807849698,
2021-06-15 00:00:00+00:00,104586094.1154679,0.03342371807849698,
2021-06-16 00:00:00+00:00,104586094.1154679,0.03342371807849698,
2021-06-17 00:00:00+00:00,104586094.1154679,0.03342371807849698,
2021-06-18 00:00:00+00:00,104586094.1154679,0.03342371807849698,
2021-06-19 00:00:00+00:00,104586094.1154679,0.03342371807849698,
2021-06-20 00:00:00+00:00,104586094.1154679,0.03342371807849698,
2021-06-21 00:00:00+00:00,105000513.18677792,0.02959369030576131,
2021-06-22 00:00:00+00:00,105000513.18677792,0.02959369030576131,
2021-06-23 00:00:00+00:00,105000513.18677792,0.02959369030576131,
2021-06-24 00:00:00+00:00,105000513.18677792,0.02959369030576131,
2021-06-25 00:00:00+00:00,105000513.18677792,0.02959369030576131,
2021-06-26 00:00:00+00:00,105000513.18677792,0.02959369030576131,
2021-06-27 00:00:00+00:00,105000513.18677792,0.02959369030576131,
2021-06-28 00:00:00+00:00,105000513.18677792,0.02959369030576131,
2021-06-29 00:00:00+00:00,105000513.18677792,0.02959369030576131,
2021-06-30 00:00:00+00:00,105000513.18677792,0.02959369030576131,
2021-07-01 00:00:00+00:00,105000513.18677792,0.02959369030576131,
2021-07-02 00:00:00+00:00,105000513.18677792,0.02959369030576131,
2021-07-03 00:00:00+00:00,105000513.18677792,0.02959369030576131,
2021-07-04 00:00:00+00:00,105000513.18677792,0.02959369030576131,
2021-07-05 00:00:00+00:00,105000513.18677792,0.02959369030576131,
2021-07-06 00:00:00+00:00,105000513.18677792,0.02959369030576131,
2021-07-07 00:00:00+00:00,105000513.18677792,0.02959369030576131,
2021-07-08 00:00:00+00:00,105384526.04400994,0.02604467432144142,
2021-07-09 00:00:00+00:00,105384526.04400994,0.02604467432144142,
2021-07-10 00:00:00+00:00,105384526.04400994,0.02604467432144142,
2021-07-11 00:00:00+00:00,105384526.04400994,0.02604467432144142,
2021-07-12 00:00:00+00:00,105384526.04400994,0.02604467432144142,
2021-07-13 00:00:00+00:00,105384526.04400994,0.02604467432144142,
2021-07-14 00:00:00+00:00,105384526.04400994,0.02604467432144142,
2021-07-15 00:00:00+00:00,105384526.04400994,0.02604467432144142,
2021-07-16 00:00:00+00:00,105384526.04400994,0.02604467432144142,
2021-07-17 00:00:00+00:00,105384526.04400994,0.02604467432144142,
2021-07-18 00:00:00+00:00,102337779.72038394,0.054202459143170234,
2021-07-19 00:00:00+00:00,106351579.02038398,0.017107248383220974,
2021-07-20 00:00:00+00:00,106351579.02038398,0.017107248383220974,
2021-07-21 00:00:00+00:00,106351579.02038398,0.017107248383220974,
2021-07-22 00:00:00+00:00,106351579.02038398,0.017107248383220974,
2021-07-23 00:00:00+00:00,106351579.02038398,0.017107248383220974,
2021-07-24 00:00:00+00:00,107131570.16012397,0.009898632915190997,
2021-07-25 00:00:00+00:00,108077923.03860399,0.0011525156191666275,
2021-07-26 00:00:00+00:00,108077923.03860399,0.0011525156191666275,
2021-07-27 00:00:00+00:00,108077923.03860399,0.0011525156191666275,
2021-07-28 00:00:00+00:00,108077923.03860399,0.0011525156191666275,
2021-07-29 00:00:00+00:00,108077923.03860399,0.0011525156191666275,
2021-07-30 00:00:00+00:00,108617448.85677995,0.0,0 days 00:00:11
2021-07-31 00:00:00+00:00,108617448.85677995,0.0,
2021-08-01 00:00:00+00:00,109017752.25123395,0.0,0 days 00:00:02
2021-08-02 00:00:00+00:00,109017752.25123395,0.0,
2021-08-03 00:00:00+00:00,109017752.25123395,0.0,
2021-08-04 00:00:00+00:00,109017752.25123395,0.0,
2021-08-05 00:00:00+00:00,110018773.29201996,0.0,0 days 00:01:00
2021-08-06 00:00:00+00:00,110018773.29201996,0.0,
2021-08-07 00:00:00+00:00,110018773.29201996,0.0,
2021-08-08 00:00:00+00:00,110018773.29201996,0.0,
2021-08-09 00:00:00+00:00,110018773.29201996,0.0,
2021-08-10 00:00:00+00:00,110018773.29201996,0.0,
2021-08-11 00:00:00+00:00,110018773.29201996,0.0,
2021-08-12 00:00:00+00:00,110421524.73403595,0.0,0 days 00:00:02
2021-08-13 00:00:00+00:00,110421524.73403595,0.0,
2021-08-14 00:00:00+00:00,110421524.73403595,0.0,
2021-08-15 00:00:00+00:00,110421524.73403595,0.0,
2021-08-16 00:00:00+00:00,110421524.73403595,0.0,
2021-08-17 00:00:00+00:00,110421524.73403595,0.0,
2021-08-18 00:00:00+00:00,110421524.73403595,0.0,
2021-08-19 00:00:00+00:00,104854463.34288001,0.053873018721750654,0 days 00:00:02
2021-08-20 00:00:00+00:00,104854463.34288001,0.053873018721750654,
2021-08-21 00:00:00+00:00,104854463.34288001,0.053873018721750654,
2021-08-22 00:00:00+00:00,104854463.34288001,0.053873018721750654,
2021-08-23 00:00:00+00:00,105374140.93289398,0.049183843136825445,
2021-08-24 00:00:00+00:00,105768822.57525799,0.045622535978781964,
2021-08-25 00:00:00+00:00,106320194.83089797,0.040647371821168954,
2021-08-26 00:00:00+00:00,106704921.76375398,0.0371758883955261,
2021-08-27 00:00:00+00:00,107234712.43397398,0.03239546006139282,
2021-08-28 00:00:00+00:00,107234712.43397398,0.03239546006139282,
2021-08-29 00:00:00+00:00,108160118.45230195,0.0240452995182574,
2021-08-30 00:00:00+00:00,108550508.07682195,0.020522720267037164,
2021-08-31 00:00:00+00:00,109703881.42300193,0.01011555582674395,
2021-09-01 00:00:00+00:00,110545074.68236394,0.0025252672135712695,
2021-09-02 00:00:00+00:00,110545074.68236394,0.0025252672135712695,
2021-09-03 00:00:00+00:00,110545074.68236394,0.0025252672135712695,
2021-09-04 00:00:00+00:00,110545074.68236394,0.0025252672135712695,
2021-09-05 00:00:00+00:00,111104844.98363596,0.0,0 days 00:01:42
2021-09-06 00:00:00+00:00,111104844.98363596,0.0,
2021-09-07 00:00:00+00:00,111707329.15373597,0.0,0 days 00:00:05
2021-09-08 00:00:00+00:00,111707329.15373597,0.0,
2021-09-09 00:00:00+00:00,111707329.15373597,0.0,
2021-09-10 00:00:00+00:00,111707329.15373597,0.0,
2021-09-11 00:00:00+00:00,111707329.15373597,0.0,
2021-09-12 00:00:00+00:00,111707329.15373597,0.0,
2021-09-13 00:00:00+00:00,108312554.82215396,0.033676670025272415,0 days 00:00:04
2021-09-14 00:00:00+00:00,101053537.47215399,0.0984388559926701,
2021-09-15 00:00:00+00:00,101053537.47215399,0.0984388559926701,
2021-09-16 00:00:00+00:00,101601134.80446401,0.09355340131466017,
2021-09-17 00:00:00+00:00,102629547.02302198,0.08437829948777231,
2021-09-18 00:00:00+00:00,103126652.53986397,0.07994331354203121,
2021-09-19 00:00:00+00:00,103506789.319914,0.07655187808243047,
2021-09-20 00:00:00+00:00,103506789.319914,0.07655187808243047,
2021-09-21 00:00:00+00:00,103506789.319914,0.07655187808243047,
2021-09-22 00:00:00+00:00,103506789.319914,0.07655187808243047,
2021-09-23 00:00:00+00:00,103506789.319914,0.07655187808243047,
2021-09-24 00:00:00+00:00,103958088.35810399,0.0725255600797371,
2021-09-25 00:00:00+00:00,103958088.35810399,0.0725255600797371,
2021-09-26 00:00:00+00:00,104469941.30938198,0.06795900314505421,
2021-09-27 00:00:00+00:00,105024169.24503197,0.06301439275134957,
2021-09-28 00:00:00+00:00,105024169.24503197,0.06301439275134957,
2021-09-29 00:00:00+00:00,105024169.24503197,0.06301439275134957,
2021-09-30 00:00:00+00:00,105024169.24503197,0.06301439275134957,
2021-10-01 00:00:00+00:00,105024169.24503197,0.06301439275134957,
2021-10-02 00:00:00+00:00,105024169.24503197,0.06301439275134957,
2021-10-03 00:00:00+00:00,105024169.24503197,0.06301439275134957,
2021-10-04 00:00:00+00:00,105024169.24503197,0.06301439275134957,
2021-10-05 00:00:00+00:00,105024169.24503197,0.06301439275134957,
2021-10-06 00:00:00+00:00,105024169.24503197,0.06301439275134957,
2021-10-07 00:00:00+00:00,105024169.24503197,0.06301439275134957,
2021-10-08 00:00:00+00:00,105024169.24503197,0.06301439275134957,
2021-10-09 00:00:00+00:00,103746568.57230197,0.07441265898629845,
2021-10-10 00:00:00+00:00,106550298.75168596,0.04939884698877339,
2021-10-11 00:00:00+00:00,107072351.97794996,0.044741287088577164,
2021-10-12 00:00:00+00:00,107462943.22630997,0.04125658084751427,
2021-10-13 00:00:00+00:00,107982474.69192596,0.03662151913463141,
2021-10-14 00:00:00+00:00,108416306.91001996,0.03275103344322394,
2021-10-15 00:00:00+00:00,108973732.55104393,0.027777894341002418,
2021-10-16 00:00:00+00:00,108973732.55104393,0.027777894341002418,
2021-10-17 00:00:00+00:00,108973732.55104393,0.027777894341002418,
2021-10-18 00:00:00+00:00,108973732.55104393,0.027777894341002418,
2021-10-19 00:00:00+00:00,108973732.55104393,0.027777894341002418,
2021-10-20 00:00:00+00:00,108973732.55104393,0.027777894341002418,
2021-10-21 00:00:00+00:00,108973732.55104393,0.027777894341002418,
2021-10-22 00:00:00+00:00,108973732.55104393,0.027777894341002418,
2021-10-23 00:00:00+00:00,108973732.55104393,0.027777894341002418,
2021-10-24 00:00:00+00:00,108973732.55104393,0.027777894341002418,
2021-10-25 00:00:00+00:00,108973732.55104393,0.027777894341002418,
2021-10-26 00:00:00+00:00,108973732.55104393,0.027777894341002418,
2021-10-27 00:00:00+00:00,108973732.55104393,0.027777894341002418,
2021-10-28 00:00:00+00:00,108973732.55104393,0.027777894341002418,
2021-10-29 00:00:00+00:00,108973732.55104393,0.027777894341002418,
2021-10-30 00:00:00+00:00,108973732.55104393,0.027777894341002418,
2021-10-31 00:00:00+00:00,108973732.55104393,0.027777894341002418,
2021-11-01 00:00:00+00:00,108973732.55104393,0.027777894341002418,
2021-11-02 00:00:00+00:00,108973732.55104393,0.027777894341002418,
2021-11-03 00:00:00+00:00,108973732.55104393,0.027777894341002418,
2021-11-04 00:00:00+00:00,108973732.55104393,0.027777894341002418,
2021-11-05 00:00:00+00:00,110052572.1016579,0.018152899078269447,
2021-11-06 00:00:00+00:00,110651351.56782189,0.012810816910471479,
2021-11-07 00:00:00+00:00,110651351.56782189,0.012810816910471479,
2021-11-08 00:00:00+00:00,110651351.56782189,0.012810816910471479,
2021-11-09 00:00:00+00:00,110651351.56782189,0.012810816910471479,
2021-11-10 00:00:00+00:00,110651351.56782189,0.012810816910471479,
2021-11-11 00:00:00+00:00,110651351.56782189,0.012810816910471479,
2021-11-12 00:00:00+00:00,110651351.56782189,0.012810816910471479,
2021-11-13 00:00:00+00:00,110651351.56782189,0.012810816910471479,
2021-11-14 00:00:00+00:00,110651351.56782189,0.012810816910471479,
2021-11-15 00:00:00+00:00,111075068.98484589,0.00903057161887777,
2021-11-16 00:00:00+00:00,111075068.98484589,0.00903057161887777,
2021-11-17 00:00:00+00:00,111075068.98484589,0.00903057161887777,
2021-11-18 00:00:00+00:00,111496070.7984499,0.005274553905924573,
2021-11-19 00:00:00+00:00,111496070.7984499,0.005274553905924573,
2021-11-20 00:00:00+00:00,112068181.7742499,0.00017039784425754156,
2021-11-21 00:00:00+00:00,112473571.5177859,0.0,0 days 00:00:19
2021-11-22 00:00:00+00:00,113454671.31762588,0.0,0 days 00:00:22
2021-11-23 00:00:00+00:00,113454671.31762588,0.0,
2021-11-24 00:00:00+00:00,114460473.51998986,0.0,0 days 02:25:12
2021-11-25 00:00:00+00:00,114460473.51998986,0.0,
2021-11-26 00:00:00+00:00,114881549.71786186,0.0,0 days 00:00:02
2021-11-27 00:00:00+00:00,114881549.71786186,0.0,
2021-11-28 00:00:00+00:00,114881549.71786186,0.0,
2021-11-29 00:00:00+00:00,114881549.71786186,0.0,
2021-11-30 00:00:00+00:00,114881549.71786186,0.0,
2021-12-01 00:00:00+00:00,115302471.72330987,0.0,0 days 00:00:04
2021-12-02 00:00:00+00:00,115302471.72330987,0.0,
2021-12-03 00:00:00+00:00,115302471.72330987,0.0,
2021-12-04 00:00:00+00:00,115302471.72330987,0.0,
2021-12-05 00:00:00+00:00,115302471.72330987,0.0,
2021-12-06 00:00:00+00:00,115302471.72330987,0.0,
2021-12-07 00:00:00+00:00,115302471.72330987,0.0,
2021-12-08 00:00:00+00:00,115302471.72330987,0.0,
2021-12-09 00:00:00+00:00,115302471.72330987,0.0,
2021-12-10 00:00:00+00:00,115302471.72330987,0.0,
2021-12-11 00:00:00+00:00,115302471.72330987,0.0,
2021-12-12 00:00:00+00:00,115302471.72330987,0.0,
2021-12-13 00:00:00+00:00,116348972.3594739,0.0,0 days 00:23:38
2021-12-14 00:00:00+00:00,116348972.3594739,0.0,
2021-12-15 00:00:00+00:00,116348972.3594739,0.0,
2021-12-16 00:00:00+00:00,116348972.3594739,0.0,
2021-12-17 00:00:00+00:00,116801063.4414339,0.0,0 days 00:00:14
2021-12-18 00:00:00+00:00,117689953.49598391,0.0,0 days 00:02:07
2021-12-19 00:00:00+00:00,118629650.67204392,0.0,0 days 00:00:07
2021-12-20 00:00:00+00:00,119200990.2477639,0.0,0 days 00:00:03
2021-12-21 00:00:00+00:00,119200990.2477639,0.0,
2021-12-22 00:00:00+00:00,119200990.2477639,0.0,
2021-12-23 00:00:00+00:00,119200990.2477639,0.0,
2021-12-24 00:00:00+00:00,119200990.2477639,0.0,
2021-12-25 00:00:00+00:00,119200990.2477639,0.0,
2021-12-26 00:00:00+00:00,119200990.2477639,0.0,
2021-12-27 00:00:00+00:00,119200990.2477639,0.0,
2021-12-28 00:00:00+00:00,119200990.2477639,0.0,
2021-12-29 00:00:00+00:00,119200990.2477639,0.0,
2021-12-30 00:00:00+00:00,119200990.2477639,0.0,
2021-12-31 00:00:00+00:00,119200990.2477639,0.0,
2022-01-01 00:00:00+00:00,119200990.2477639,0.0,
2022-01-02 00:00:00+00:00,119200990.2477639,0.0,
2022-01-03 00:00:00+00:00,119200990.2477639,0.0,
2022-01-04 00:00:00+00:00,120271800.8121039,0.0,0 days 00:00:06
2022-01-05 00:00:00+00:00,120271800.8121039,0.0,
2022-01-06 00:00:00+00:00,120271800.8121039,0.0,
2022-01-07 00:00:00+00:00,120271800.8121039,0.0,
2022-01-08 00:00:00+00:00,120271800.8121039,0.0,
2022-01-09 00:00:00+00:00,120271800.8121039,0.0,
2022-01-10 00:00:00+00:00,120752260.19939391,0.0,0 days 00:00:10
2022-01-11 00:00:00+00:00,121342525.1429939,0.0,0 days 00:00:15
2022-01-12 00:00:00+00:00,121342525.1429939,0.0,
2022-01-13 00:00:00+00:00,122011824.15741791,0.0,0 days 00:01:07
2022-01-14 00:00:00+00:00,122011824.15741791,0.0,
2022-01-15 00:00:00+00:00,122011824.15741791,0.0,
2022-01-16 00:00:00+00:00,122011824.15741791,0.0,
2022-01-17 00:00:00+00:00,122011824.15741791,0.0,
2022-01-18 00:00:00+00:00,122011824.15741791,0.0,
2022-01-19 00:00:00+00:00,122011824.15741791,0.0,
2022-01-20 00:00:00+00:00,122536711.67974591,0.0,0 days 00:00:02
2022-01-21 00:00:00+00:00,122536711.67974591,0.0,
2022-01-22 00:00:00+00:00,122536711.67974591,0.0,
2022-01-23 00:00:00+00:00,122536711.67974591,0.0,
2022-01-24 00:00:00+00:00,122536711.67974591,0.0,
2022-01-25 00:00:00+00:00,122536711.67974591,0.0,
2022-01-26 00:00:00+00:00,122536711.67974591,0.0,
2022-01-27 00:00:00+00:00,122536711.67974591,0.0,
2022-01-28 00:00:00+00:00,122536711.67974591,0.0,
2022-01-29 00:00:00+00:00,122536711.67974591,0.0,
2022-01-30 00:00:00+00:00,122536711.67974591,0.0,
2022-01-31 00:00:00+00:00,122536711.67974591,0.0,
2022-02-01 00:00:00+00:00,122536711.67974591,0.0,
2022-02-02 00:00:00+00:00,122536711.67974591,0.0,
2022-02-03 00:00:00+00:00,122536711.67974591,0.0,
2022-02-04 00:00:00+00:00,122536711.67974591,0.0,
2022-02-05 00:00:00+00:00,122536711.67974591,0.0,
2022-02-06 00:00:00+00:00,122536711.67974591,0.0,
2022-02-07 00:00:00+00:00,122536711.67974591,0.0,
2022-02-08 00:00:00+00:00,122536711.67974591,0.0,
2022-02-09 00:00:00+00:00,122536711.67974591,0.0,
2022-02-10 00:00:00+00:00,122536711.67974591,0.0,
2022-02-11 00:00:00+00:00,122995233.04890989,0.0,0 days 00:00:04
2022-02-12 00:00:00+00:00,122995233.04890989,0.0,
2022-02-13 00:00:00+00:00,122995233.04890989,0.0,
2022-02-14 00:00:00+00:00,123897195.5470179,0.0,0 days 00:00:44
2022-02-15 00:00:00+00:00,123897195.5470179,0.0,
2022-02-16 00:00:00+00:00,123897195.5470179,0.0,
2022-02-17 00:00:00+00:00,123897195.5470179,0.0,
2022-02-18 00:00:00+00:00,123897195.5470179,0.0,
2022-02-19 00:00:00+00:00,123897195.5470179,0.0,
2022-02-20 00:00:00+00:00,123897195.5470179,0.0,
2022-02-21 00:00:00+00:00,123897195.5470179,0.0,
2022-02-22 00:00:00+00:00,124754548.34532388,0.0,0 days 02:35:04
2022-02-23 00:00:00+00:00,125209427.59133387,0.0,0 days 00:00:03
2022-02-24 00:00:00+00:00,125209427.59133387,0.0,
2022-02-25 00:00:00+00:00,125209427.59133387,0.0,
2022-02-26 00:00:00+00:00,125209427.59133387,0.0,
2022-02-27 00:00:00+00:00,125209427.59133387,0.0,
2022-02-28 00:00:00+00:00,125209427.59133387,0.0,
2022-03-01 00:00:00+00:00,125209427.59133387,0.0,
2022-03-02 00:00:00+00:00,125209427.59133387,0.0,
2022-03-03 00:00:00+00:00,125209427.59133387,0.0,
2022-03-04 00:00:00+00:00,125209427.59133387,0.0,
2022-03-05 00:00:00+00:00,125209427.59133387,0.0,
2022-03-06 00:00:00+00:00,125209427.59133387,0.0,
2022-03-07 00:00:00+00:00,121363565.19242588,0.03415619073805798,0 days 00:00:03
2022-03-08 00:00:00+00:00,112456244.67082591,0.10504303696129402,
2022-03-09 00:00:00+00:00,112456244.67082591,0.10504303696129402,
2022-03-10 00:00:00+00:00,112456244.67082591,0.10504303696129402,
2022-03-11 00:00:00+00:00,112456244.67082591,0.10504303696129402,
2022-03-12 00:00:00+00:00,112456244.67082591,0.10504303696129402,
2022-03-13 00:00:00+00:00,112456244.67082591,0.10504303696129402,
2022-03-14 00:00:00+00:00,112456244.67082591,0.10504303696129402,
2022-03-15 00:00:00+00:00,113416439.71730596,0.09740154719575933,
2022-03-16 00:00:00+00:00,113889457.73335393,0.09363714293040226,
2022-03-17 00:00:00+00:00,114923451.20788996,0.08540834547694554,
2022-03-18 00:00:00+00:00,114923451.20788996,0.08540834547694554,
2022-03-19 00:00:00+00:00,114923451.20788996,0.08540834547694554,
2022-03-20 00:00:00+00:00,115340781.40091796,0.08208711984621275,
2022-03-21 00:00:00+00:00,116194562.76935595,0.07529249867748256,
2022-03-22 00:00:00+00:00,116194562.76935595,0.07529249867748256,
2022-03-23 00:00:00+00:00,116194562.76935595,0.07529249867748256,
2022-03-24 00:00:00+00:00,116194562.76935595,0.07529249867748256,
2022-03-25 00:00:00+00:00,116194562.76935595,0.07529249867748256,
2022-03-26 00:00:00+00:00,116194562.76935595,0.07529249867748256,
2022-03-27 00:00:00+00:00,116194562.76935595,0.07529249867748256,
2022-03-28 00:00:00+00:00,116194562.76935595,0.07529249867748256,
2022-03-29 00:00:00+00:00,116194562.76935595,0.07529249867748256,
2022-03-30 00:00:00+00:00,116194562.76935595,0.07529249867748256,
2022-03-31 00:00:00+00:00,116194562.76935595,0.07529249867748256,
2022-04-01 00:00:00+00:00,115188642.69996193,0.0832978804417388,
2022-04-02 00:00:00+00:00,116943931.71996194,0.06932881953993963,
2022-04-03 00:00:00+00:00,116943931.71996194,0.06932881953993963,
2022-04-04 00:00:00+00:00,117476707.48423393,0.0650888470833706,
2022-04-05 00:00:00+00:00,118639083.53840993,0.055838346620730284,
2022-04-06 00:00:00+00:00,118639083.53840993,0.055838346620730284,
2022-04-07 00:00:00+00:00,118639083.53840993,0.055838346620730284,
2022-04-08 00:00:00+00:00,119079072.66167393,0.052336795144606985,
2022-04-09 00:00:00+00:00,119079072.66167393,0.052336795144606985,
2022-04-10 00:00:00+00:00,120262428.54097389,0.04291933160550099,
2022-04-11 00:00:00+00:00,120262428.54097389,0.04291933160550099,
2022-04-12 00:00:00+00:00,120262428.54097389,0.04291933160550099,
2022-04-13 00:00:00+00:00,120262428.54097389,0.04291933160550099,
2022-04-14 00:00:00+00:00,120697017.57329388,0.039460755501759426,
2022-04-15 00:00:00+00:00,121322539.86122988,0.03448268132933019,
2022-04-16 00:00:00+00:00,121322539.86122988,0.03448268132933019,
2022-04-17 00:00:00+00:00,121848567.42600589,0.030296412854648347,
2022-04-18 00:00:00+00:00,122450360.42430584,0.025507182734853973,
2022-04-19 00:00:00+00:00,122450360.42430584,0.025507182734853973,
2022-04-20 00:00:00+00:00,122450360.42430584,0.025507182734853973,
2022-04-21 00:00:00+00:00,122450360.42430584,0.025507182734853973,
2022-04-22 00:00:00+00:00,122450360.42430584,0.025507182734853973,
2022-04-23 00:00:00+00:00,122450360.42430584,0.025507182734853973,
2022-04-24 00:00:00+00:00,122758392.99075386,0.023055776937049965,
2022-04-25 00:00:00+00:00,123934842.66999786,0.013693274790673282,
2022-04-26 00:00:00+00:00,124434198.12120785,0.00971927015091445,
2022-04-27 00:00:00+00:00,125448886.93007183,0.0016441044056202392,
2022-04-28 00:00:00+00:00,125448886.93007183,0.0016441044056202392,
2022-04-29 00:00:00+00:00,125959997.30680184,0.0,0 days 00:00:03
2022-04-30 00:00:00+00:00,125959997.30680184,0.0,
2022-05-01 00:00:00+00:00,126575748.04786183,0.0,0 days 00:00:05
2022-05-02 00:00:00+00:00,127075332.44246984,0.0,0 days 00:00:31
2022-05-03 00:00:00+00:00,127075332.44246984,0.0,
2022-05-04 00:00:00+00:00,127754971.6156698,0.0,0 days 00:03:52
2022-05-05 00:00:00+00:00,128218102.49209782,0.0,0 days 00:00:07
2022-05-06 00:00:00+00:00,128218102.49209782,0.0,
2022-05-07 00:00:00+00:00,128218102.49209782,0.0,
2022-05-08 00:00:00+00:00,128218102.49209782,0.0,
2022-05-09 00:00:00+00:00,128218102.49209782,0.0,
2022-05-10 00:00:00+00:00,128218102.49209782,0.0,
2022-05-11 00:00:00+00:00,128741144.28653783,0.0,0 days 00:10:05
2022-05-12 00:00:00+00:00,128741144.28653783,0.0,
2022-05-13 00:00:00+00:00,128741144.28653783,0.0,
2022-05-14 00:00:00+00:00,128741144.28653783,0.0,
2022-05-15 00:00:00+00:00,128741144.28653783,0.0,
2022-05-16 00:00:00+00:00,128741144.28653783,0.0,
2022-05-17 00:00:00+00:00,129872513.95994978,1.1102230246251565e-16,0 days 00:00:02
2022-05-18 00:00:00+00:00,130387270.0155498,0.0,0 days 00:33:51
2022-05-19 00:00:00+00:00,131090817.92222978,0.0,0 days 00:00:06
2022-05-20 00:00:00+00:00,131599217.46599779,0.0,0 days 00:00:43
2022-05-21 00:00:00+00:00,131599217.46599779,0.0,
2022-05-22 00:00:00+00:00,132256200.23462577,0.0,0 days 00:00:58
2022-05-23 00:00:00+00:00,132871537.12646578,0.0,0 days 00:00:03
2022-05-24 00:00:00+00:00,133530335.12226577,0.0,0 days 00:00:08
2022-05-25 00:00:00+00:00,133530335.12226577,0.0,
2022-05-26 00:00:00+00:00,134022059.6597898,0.0,0 days 00:02:52
2022-05-27 00:00:00+00:00,134699020.25674978,0.0,0 days 00:00:48
2022-05-28 00:00:00+00:00,134699020.25674978,0.0,
2022-05-29 00:00:00+00:00,134699020.25674978,0.0,
2022-05-30 00:00:00+00:00,134699020.25674978,0.0,
2022-05-31 00:00:00+00:00,134699020.25674978,0.0,
2022-06-01 00:00:00+00:00,134699020.25674978,0.0,
2022-06-02 00:00:00+00:00,134699020.25674978,0.0,
2022-06-03 00:00:00+00:00,134699020.25674978,0.0,
2022-06-04 00:00:00+00:00,134699020.25674978,0.0,
2022-06-05 00:00:00+00:00,134699020.25674978,0.0,
2022-06-06 00:00:00+00:00,134699020.25674978,0.0,
2022-06-07 00:00:00+00:00,134699020.25674978,0.0,
2022-06-08 00:00:00+00:00,134699020.25674978,0.0,
2022-06-09 00:00:00+00:00,134699020.25674978,0.0,
2022-06-10 00:00:00+00:00,134699020.25674978,0.0,
2022-06-11 00:00:00+00:00,134699020.25674978,0.0,
2022-06-12 00:00:00+00:00,134699020.25674978,0.0,
2022-06-13 00:00:00+00:00,134699020.25674978,0.0,
2022-06-14 00:00:00+00:00,134699020.25674978,0.0,
2022-06-15 00:00:00+00:00,134699020.25674978,0.0,
2022-06-16 00:00:00+00:00,134699020.25674978,0.0,
2022-06-17 00:00:00+00:00,134699020.25674978,0.0,
2022-06-18 00:00:00+00:00,134699020.25674978,0.0,
2022-06-19 00:00:00+00:00,134699020.25674978,0.0,
2022-06-20 00:00:00+00:00,134699020.25674978,0.0,
2022-06-21 00:00:00+00:00,134699020.25674978,0.0,
2022-06-22 00:00:00+00:00,134699020.25674978,0.0,
2022-06-23 00:00:00+00:00,134699020.25674978,0.0,
2022-06-24 00:00:00+00:00,134699020.25674978,0.0,
2022-06-25 00:00:00+00:00,134699020.25674978,0.0,
2022-06-26 00:00:00+00:00,136495731.53158376,2.220446049250313e-16,0 days 00:02:31
2022-06-27 00:00:00+00:00,136495731.53158376,2.220446049250313e-16,
2022-06-28 00:00:00+00:00,138579237.66512373,0.0,0 days 00:01:10
2022-06-29 00:00:00+00:00,136002807.52343968,0.01877377075019504,0 days 00:00:02
2022-06-30 00:00:00+00:00,133776353.6581677,0.034837078343628036,
2022-07-01 00:00:00+00:00,133776353.6581677,0.034837078343628036,
2022-07-02 00:00:00+00:00,133776353.6581677,0.034837078343628036,
2022-07-03 00:00:00+00:00,133776353.6581677,0.034837078343628036,
2022-07-04 00:00:00+00:00,133776353.6581677,0.034837078343628036,
2022-07-05 00:00:00+00:00,135240765.62884766,0.024271712361672693,
2022-07-06 00:00:00+00:00,135240765.62884766,0.024271712361672693,
2022-07-07 00:00:00+00:00,135240765.62884766,0.024271712361672693,
2022-07-08 00:00:00+00:00,135240765.62884766,0.024271712361672693,
2022-07-09 00:00:00+00:00,135240765.62884766,0.024271712361672693,
2022-07-10 00:00:00+00:00,135240765.62884766,0.024271712361672693,
2022-07-11 00:00:00+00:00,135240765.62884766,0.024271712361672693,
2022-07-12 00:00:00+00:00,135240765.62884766,0.024271712361672693,
2022-07-13 00:00:00+00:00,136722697.1008657,0.013579947560830252,
2022-07-14 00:00:00+00:00,136722697.1008657,0.013579947560830252,
2022-07-15 00:00:00+00:00,136722697.1008657,0.013579947560830252,
2022-07-16 00:00:00+00:00,136722697.1008657,0.013579947560830252,
2022-07-17 00:00:00+00:00,136722697.1008657,0.013579947560830252,
2022-07-18 00:00:00+00:00,137422084.49338564,0.008534042506047168,
2022-07-19 00:00:00+00:00,137422084.49338564,0.008534042506047168,
2022-07-20 00:00:00+00:00,137422084.49338564,0.008534042506047168,
2022-07-21 00:00:00+00:00,137422084.49338564,0.008534042506047168,
2022-07-22 00:00:00+00:00,137422084.49338564,0.008534042506047168,
2022-07-23 00:00:00+00:00,137422084.49338564,0.008534042506047168,
2022-07-24 00:00:00+00:00,137422084.49338564,0.008534042506047168,
2022-07-25 00:00:00+00:00,138031760.28925762,0.004135384175812162,
2022-07-26 00:00:00+00:00,138031760.28925762,0.004135384175812162,
2022-07-27 00:00:00+00:00,138031760.28925762,0.004135384175812162,
2022-07-28 00:00:00+00:00,138031760.28925762,0.004135384175812162,
2022-07-29 00:00:00+00:00,138031760.28925762,0.004135384175812162,
2022-07-30 00:00:00+00:00,138031760.28925762,0.004135384175812162,
2022-07-31 00:00:00+00:00,138031760.28925762,0.004135384175812162,
2022-08-01 00:00:00+00:00,138031760.28925762,0.004135384175812162,
2022-08-02 00:00:00+00:00,138031760.28925762,0.004135384175812162,
2022-08-03 00:00:00+00:00,129472607.13530761,0.06588753273623427,
2022-08-04 00:00:00+00:00,129472607.13530761,0.06588753273623427,
2022-08-05 00:00:00+00:00,130142620.14402758,0.06105355651128541,
2022-08-06 00:00:00+00:00,130725947.42278756,0.056844996139783,
2022-08-07 00:00:00+00:00,131387200.02329955,0.05207422406825668,
2022-08-08 00:00:00+00:00,131387200.02329955,0.05207422406825668,
2022-08-09 00:00:00+00:00,132087410.29024555,0.04702238218036758,
2022-08-10 00:00:00+00:00,132957384.66752751,0.04074573471029819,
2022-08-11 00:00:00+00:00,132957384.66752751,0.04074573471029819,
2022-08-12 00:00:00+00:00,132957384.66752751,0.04074573471029819,
2022-08-13 00:00:00+00:00,132957384.66752751,0.04074573471029819,
2022-08-14 00:00:00+00:00,132957384.66752751,0.04074573471029819,
2022-08-15 00:00:00+00:00,133461300.70672752,0.03711010656403735,
2022-08-16 00:00:00+00:00,133461300.70672752,0.03711010656403735,
2022-08-17 00:00:00+00:00,134907669.00335953,0.02667492117592618,
2022-08-18 00:00:00+00:00,134907669.00335953,0.02667492117592618,
2022-08-19 00:00:00+00:00,134907669.00335953,0.02667492117592618,
2022-08-20 00:00:00+00:00,134907669.00335953,0.02667492117592618,
2022-08-21 00:00:00+00:00,134907669.00335953,0.02667492117592618,
2022-08-22 00:00:00+00:00,135447248.56728554,0.022781989621552756,
2022-08-23 00:00:00+00:00,136119241.7002295,0.017933727295742163,
2022-08-24 00:00:00+00:00,136119241.7002295,0.017933727295742163,
2022-08-25 00:00:00+00:00,134278628.0752875,0.031213294089952548,
2022-08-26 00:00:00+00:00,138728835.36948347,0.0,57 days 15:44:27
2022-08-27 00:00:00+00:00,138728835.36948347,0.0,
2022-08-28 00:00:00+00:00,138728835.36948347,0.0,
2022-08-29 00:00:00+00:00,138728835.36948347,0.0,
2022-08-30 00:00:00+00:00,138728835.36948347,0.0,
2022-08-31 00:00:00+00:00,138728835.36948347,0.0,
2022-09-01 00:00:00+00:00,139826092.6255615,0.0,0 days 00:00:02
2022-09-02 00:00:00+00:00,140002080.83666345,0.008110416892686101,0 days 00:00:40
2022-09-03 00:00:00+00:00,141490098.2366635,0.0,0 days 02:52:26
2022-09-04 00:00:00+00:00,142176548.32045746,0.0,0 days 00:00:03
2022-09-05 00:00:00+00:00,142775642.14031547,0.0,0 days 00:00:03
2022-09-06 00:00:00+00:00,144058480.98442954,0.0,0 days 00:00:09
2022-09-07 00:00:00+00:00,144058480.98442954,0.0,
2022-09-08 00:00:00+00:00,144058480.98442954,0.0,
2022-09-09 00:00:00+00:00,144058480.98442954,0.0,
2022-09-10 00:00:00+00:00,144058480.98442954,0.0,
2022-09-11 00:00:00+00:00,144058480.98442954,0.0,
2022-09-12 00:00:00+00:00,144058480.98442954,0.0,
2022-09-13 00:00:00+00:00,144703071.1574495,0.0,0 days 00:00:10
2022-09-14 00:00:00+00:00,144703071.1574495,0.0,
2022-09-15 00:00:00+00:00,144703071.1574495,0.0,
2022-09-16 00:00:00+00:00,144703071.1574495,0.0,
2022-09-17 00:00:00+00:00,144703071.1574495,0.0,
2022-09-18 00:00:00+00:00,145659541.90181753,0.0,0 days 00:00:20
2022-09-19 00:00:00+00:00,145659541.90181753,0.0,
2022-09-20 00:00:00+00:00,145659541.90181753,0.0,
2022-09-21 00:00:00+00:00,146194308.96563753,0.0,0 days 00:00:12
2022-09-22 00:00:00+00:00,146916714.74073753,0.0,0 days 00:00:13
2022-09-23 00:00:00+00:00,146916714.74073753,0.0,
2022-09-24 00:00:00+00:00,147599571.96230555,0.0,0 days 00:00:02
2022-09-25 00:00:00+00:00,147599571.96230555,0.0,
2022-09-26 00:00:00+00:00,148323314.01963353,0.0,0 days 00:00:04
2022-09-27 00:00:00+00:00,148323314.01963353,0.0,
2022-09-28 00:00:00+00:00,148323314.01963353,0.0,
2022-09-29 00:00:00+00:00,148323314.01963353,0.0,
2022-09-30 00:00:00+00:00,148323314.01963353,0.0,
2022-10-01 00:00:00+00:00,148323314.01963353,0.0,
2022-10-02 00:00:00+00:00,148323314.01963353,0.0,
2022-10-03 00:00:00+00:00,148323314.01963353,0.0,
2022-10-04 00:00:00+00:00,148323314.01963353,0.0,
2022-10-05 00:00:00+00:00,148323314.01963353,0.0,
2022-10-06 00:00:00+00:00,148323314.01963353,0.0,
2022-10-07 00:00:00+00:00,148323314.01963353,0.0,
2022-10-08 00:00:00+00:00,148323314.01963353,0.0,
2022-10-09 00:00:00+00:00,148323314.01963353,0.0,
2022-10-10 00:00:00+00:00,149163064.2385635,0.0,0 days 00:00:04
2022-10-11 00:00:00+00:00,149163064.2385635,0.0,
2022-10-12 00:00:00+00:00,149890481.10258752,0.0,0 days 00:00:02
2022-10-13 00:00:00+00:00,151434360.2357475,0.0,0 days 00:00:02
2022-10-14 00:00:00+00:00,151434360.2357475,0.0,
2022-10-15 00:00:00+00:00,151981497.5681955,0.0,0 days 00:00:02
2022-10-16 00:00:00+00:00,151981497.5681955,0.0,
2022-10-17 00:00:00+00:00,152725600.3244235,0.0,0 days 00:42:07
2022-10-18 00:00:00+00:00,153298768.47951147,0.0,0 days 00:00:02
2022-10-19 00:00:00+00:00,153298768.47951147,0.0,
2022-10-20 00:00:00+00:00,154643718.87712348,0.0,0 days 00:00:03
2022-10-21 00:00:00+00:00,155395525.37983146,0.0,0 days 00:00:08
2022-10-22 00:00:00+00:00,155395525.37983146,0.0,
2022-10-23 00:00:00+00:00,155395525.37983146,0.0,
2022-10-24 00:00:00+00:00,156462443.52908948,0.0,0 days 00:00:02
2022-10-25 00:00:00+00:00,157246032.4572975,0.0,0 days 00:00:02
2022-10-26 00:00:00+00:00,157246032.4572975,0.0,
2022-10-27 00:00:00+00:00,157246032.4572975,0.0,
2022-10-28 00:00:00+00:00,157246032.4572975,0.0,
2022-10-29 00:00:00+00:00,157246032.4572975,0.0,
2022-10-30 00:00:00+00:00,157246032.4572975,0.0,
2022-10-31 00:00:00+00:00,157246032.4572975,0.0,
2022-11-01 00:00:00+00:00,155224525.91408947,0.015078735601590565,0 days 00:04:05
2022-11-02 00:00:00+00:00,156506315.03608352,0.006945604865374211,
2022-11-03 00:00:00+00:00,156506315.03608352,0.006945604865374211,
2022-11-04 00:00:00+00:00,157272089.0995395,0.0020866616385802894,
2022-11-05 00:00:00+00:00,157272089.0995395,0.0020866616385802894,
2022-11-06 00:00:00+00:00,157272089.0995395,0.0020866616385802894,
2022-11-07 00:00:00+00:00,157272089.0995395,0.0020866616385802894,
2022-11-08 00:00:00+00:00,157272089.0995395,0.0020866616385802894,
2022-11-09 00:00:00+00:00,157272089.0995395,0.0020866616385802894,
2022-11-10 00:00:00+00:00,157272089.0995395,0.0020866616385802894,
2022-11-11 00:00:00+00:00,157272089.0995395,0.0020866616385802894,
2022-11-12 00:00:00+00:00,157272089.0995395,0.0020866616385802894,
2022-11-13 00:00:00+00:00,157272089.0995395,0.0020866616385802894,
2022-11-14 00:00:00+00:00,157272089.0995395,0.0020866616385802894,
2022-11-15 00:00:00+00:00,157272089.0995395,0.0020866616385802894,
2022-11-16 00:00:00+00:00,157272089.0995395,0.0020866616385802894,
2022-11-17 00:00:00+00:00,157272089.0995395,0.0020866616385802894,
2022-11-18 00:00:00+00:00,157272089.0995395,0.0020866616385802894,
2022-11-19 00:00:00+00:00,157272089.0995395,0.0020866616385802894,
2022-11-20 00:00:00+00:00,157911962.87029952,0.0,0 days 00:00:27
2022-11-21 00:00:00+00:00,157911962.87029952,0.0,
2022-11-22 00:00:00+00:00,157911962.87029952,0.0,
2022-11-23 00:00:00+00:00,157911962.87029952,0.0,
2022-11-24 00:00:00+00:00,157911962.87029952,0.0,
2022-11-25 00:00:00+00:00,157911962.87029952,0.0,
2022-11-26 00:00:00+00:00,157911962.87029952,0.0,
2022-11-27 00:00:00+00:00,157911962.87029952,0.0,
2022-11-28 00:00:00+00:00,157911962.87029952,0.0,
2022-11-29 00:00:00+00:00,159290191.79531753,0.0,0 days 14:09:01
2022-11-30 00:00:00+00:00,159290191.79531753,0.0,
2022-12-01 00:00:00+00:00,159290191.79531753,0.0,
2022-12-02 00:00:00+00:00,159290191.79531753,0.0,
2022-12-03 00:00:00+00:00,159290191.79531753,0.0,
2022-12-04 00:00:00+00:00,160310782.06199756,0.0,0 days 00:02:05
2022-12-05 00:00:00+00:00,160894006.84127757,0.0,0 days 00:29:44
2022-12-06 00:00:00+00:00,160894006.84127757,0.0,
2022-12-07 00:00:00+00:00,159945577.6747276,0.0060449656284896625,0 days 00:00:03
2022-12-08 00:00:00+00:00,160713651.70108357,0.0012718980866094354,
2022-12-09 00:00:00+00:00,160713651.70108357,0.0012718980866094354,
2022-12-10 00:00:00+00:00,161079393.24845156,0.002680401617863981,0 days 00:00:02
2022-12-11 00:00:00+00:00,160879374.33793956,0.003918814399770709,
2022-12-12 00:00:00+00:00,161657525.1633915,0.0,0 days 00:00:02
2022-12-13 00:00:00+00:00,161657525.1633915,0.0,
2022-12-14 00:00:00+00:00,161657525.1633915,0.0,
2022-12-15 00:00:00+00:00,161657525.1633915,0.0,
2022-12-16 00:00:00+00:00,161657525.1633915,0.0,
2022-12-17 00:00:00+00:00,161657525.1633915,0.0,
2022-12-18 00:00:00+00:00,161657525.1633915,0.0,
2022-12-19 00:00:00+00:00,161657525.1633915,0.0,
2022-12-20 00:00:00+00:00,161657525.1633915,0.0,
2022-12-21 00:00:00+00:00,161657525.1633915,0.0,
2022-12-22 00:00:00+00:00,161657525.1633915,0.0,
2022-12-23 00:00:00+00:00,163429308.89428353,0.0,0 days 00:00:07
2022-12-24 00:00:00+00:00,163429308.89428353,0.0,
2022-12-25 00:00:00+00:00,164047279.02311552,0.0,0 days 00:00:02
2022-12-26 00:00:00+00:00,165070205.14490744,0.0,0 days 00:00:13
2022-12-27 00:00:00+00:00,165673602.10745147,0.0,0 days 00:00:23
2022-12-28 00:00:00+00:00,167137716.98244146,0.0,0 days 00:00:16
2022-12-29 00:00:00+00:00,167137716.98244146,0.0,
2022-12-30 00:00:00+00:00,168200641.20868143,0.0,0 days 00:00:06
2022-12-31 00:00:00+00:00,168200641.20868143,0.0,
2023-01-01 00:00:00+00:00,168200641.20868143,0.0,
2023-01-02 00:00:00+00:00,168200641.20868143,0.0,
2023-01-03 00:00:00+00:00,168885719.2273374,0.0,0 days 00:00:05
2023-01-04 00:00:00+00:00,169707237.26201338,0.0,0 days 00:00:02
2023-01-05 00:00:00+00:00,169391900.35601944,0.005044338273008875,0 days 00:20:44
2023-01-06 00:00:00+00:00,171447553.4577894,0.0,0 days 00:00:10
2023-01-07 00:00:00+00:00,171447553.4577894,0.0,
2023-01-08 00:00:00+00:00,170737408.32086945,0.0041420546551851345,
2023-01-09 00:00:00+00:00,170488509.4242915,0.0055938041351755174,
2023-01-10 00:00:00+00:00,169448790.4185475,0.011658160171611809,
2023-01-11 00:00:00+00:00,169448790.4185475,0.011658160171611809,
2023-01-12 00:00:00+00:00,169448790.4185475,0.011658160171611809,
2023-01-13 00:00:00+00:00,169448790.4185475,0.011658160171611809,
2023-01-14 00:00:00+00:00,169448790.4185475,0.011658160171611809,
2023-01-15 00:00:00+00:00,169448790.4185475,0.011658160171611809,
2023-01-16 00:00:00+00:00,170299727.43547744,0.0066949104793995184,
2023-01-17 00:00:00+00:00,170299727.43547744,0.0066949104793995184,
2023-01-18 00:00:00+00:00,171235971.8814274,0.001234089213259515,
2023-01-19 00:00:00+00:00,171235971.8814274,0.001234089213259515,
2023-01-20 00:00:00+00:00,172942088.7522094,0.0,0 days 01:35:00
2023-01-21 00:00:00+00:00,172942088.7522094,0.0,
2023-01-22 00:00:00+00:00,172942088.7522094,0.0,
2023-01-23 00:00:00+00:00,172942088.7522094,0.0,
2023-01-24 00:00:00+00:00,172942088.7522094,0.0,
2023-01-25 00:00:00+00:00,172942088.7522094,0.0,
2023-01-26 00:00:00+00:00,172942088.7522094,0.0,
2023-01-27 00:00:00+00:00,165789795.64644942,0.041752914580237555,0 days 00:00:57
2023-01-28 00:00:00+00:00,166883228.56644943,0.035432990578844636,
2023-01-29 00:00:00+00:00,166909949.38644943,0.03527854712962519,
2023-01-30 00:00:00+00:00,167510986.08161741,0.031804620045456145,
2023-01-31 00:00:00+00:00,168933073.4609174,0.023585108819732303,
2023-02-01 00:00:00+00:00,170963659.95088542,0.011848538555455868,
2023-02-02 00:00:00+00:00,170963659.95088542,0.011848538555455868,
2023-02-03 00:00:00+00:00,171905921.03191546,0.00640237143111122,
2023-02-04 00:00:00+00:00,171905921.03191546,0.00640237143111122,
2023-02-05 00:00:00+00:00,171905921.03191546,0.00640237143111122,
2023-02-06 00:00:00+00:00,173620941.88833746,0.0,0 days 00:00:02
2023-02-07 00:00:00+00:00,174513802.66732347,0.0,0 days 00:00:04
2023-02-08 00:00:00+00:00,175169174.4909235,0.0,0 days 00:00:02
2023-02-09 00:00:00+00:00,175169174.4909235,0.0,
2023-02-10 00:00:00+00:00,175169174.4909235,0.0,
2023-02-11 00:00:00+00:00,175169174.4909235,0.0,
2023-02-12 00:00:00+00:00,175169174.4909235,0.0,
2023-02-13 00:00:00+00:00,175169174.4909235,0.0,
2023-02-14 00:00:00+00:00,175169174.4909235,0.0,
2023-02-15 00:00:00+00:00,175169174.4909235,0.0,
2023-02-16 00:00:00+00:00,175169174.4909235,0.0,
2023-02-17 00:00:00+00:00,175169174.4909235,0.0,
2023-02-18 00:00:00+00:00,175169174.4909235,0.0,
2023-02-19 00:00:00+00:00,175169174.4909235,0.0,
2023-02-20 00:00:00+00:00,175169174.4909235,0.0,
2023-02-21 00:00:00+00:00,175810193.73550153,0.0,0 days 00:00:09
2023-02-22 00:00:00+00:00,175810193.73550153,0.0,
2023-02-23 00:00:00+00:00,177320117.64297947,0.0,0 days 00:00:02
2023-02-24 00:00:00+00:00,177320117.64297947,0.0,
2023-02-25 00:00:00+00:00,177320117.64297947,0.0,
2023-02-26 00:00:00+00:00,178496663.80502746,0.0,0 days 04:24:04
2023-02-27 00:00:00+00:00,179299902.7349375,0.0,0 days 00:00:02
2023-02-28 00:00:00+00:00,174788706.58639342,0.025160059095029497,
2023-03-01 00:00:00+00:00,175693520.3789054,0.02011368830112248,
2023-03-02 00:00:00+00:00,176876991.7959914,0.013513174865063537,
2023-03-03 00:00:00+00:00,176876991.7959914,0.013513174865063537,
2023-03-04 00:00:00+00:00,176876991.7959914,0.013513174865063537,
2023-03-05 00:00:00+00:00,176876991.7959914,0.013513174865063537,
2023-03-06 00:00:00+00:00,176876991.7959914,0.013513174865063537,
2023-03-07 00:00:00+00:00,176876991.7959914,0.013513174865063537,
2023-03-08 00:00:00+00:00,176876991.7959914,0.013513174865063537,
2023-03-09 00:00:00+00:00,176876991.7959914,0.013513174865063537,
2023-03-10 00:00:00+00:00,176876991.7959914,0.013513174865063537,
2023-03-11 00:00:00+00:00,176876991.7959914,0.013513174865063537,
2023-03-12 00:00:00+00:00,176876991.7959914,0.013513174865063537,
2023-03-13 00:00:00+00:00,176876991.7959914,0.013513174865063537,
2023-03-14 00:00:00+00:00,176876991.7959914,0.013513174865063537,
2023-03-15 00:00:00+00:00,176876991.7959914,0.013513174865063537,
2023-03-16 00:00:00+00:00,176876991.7959914,0.013513174865063537,
2023-03-17 00:00:00+00:00,176876991.7959914,0.013513174865063537,
2023-03-18 00:00:00+00:00,176876991.7959914,0.013513174865063537,
2023-03-19 00:00:00+00:00,176876991.7959914,0.013513174865063537,
2023-03-20 00:00:00+00:00,176876991.7959914,0.013513174865063537,
2023-03-21 00:00:00+00:00,176876991.7959914,0.013513174865063537,
2023-03-22 00:00:00+00:00,172184315.83719543,0.03968539184464126,
2023-03-23 00:00:00+00:00,170996565.80704346,0.04630976816629406,
2023-03-24 00:00:00+00:00,171630344.73464346,0.04277502599447636,
2023-03-25 00:00:00+00:00,171630344.73464346,0.04277502599447636,
2023-03-26 00:00:00+00:00,172721010.40361348,0.036692113219100375,
2023-03-27 00:00:00+00:00,173344874.02282748,0.03321267117982463,
2023-03-28 00:00:00+00:00,173344874.02282748,0.03321267117982463,
2023-03-29 00:00:00+00:00,174259961.37327746,0.028109002206825884,
2023-03-30 00:00:00+00:00,174259961.37327746,0.028109002206825884,
2023-03-31 00:00:00+00:00,174259961.37327746,0.028109002206825884,
2023-04-01 00:00:00+00:00,174259961.37327746,0.028109002206825884,
2023-04-02 00:00:00+00:00,174259961.37327746,0.028109002206825884,
2023-04-03 00:00:00+00:00,175865530.38136548,0.019154345881877588,
2023-04-04 00:00:00+00:00,176721798.31815344,0.014378727358236865,
2023-04-05 00:00:00+00:00,176721798.31815344,0.014378727358236865,
2023-04-06 00:00:00+00:00,177750723.24604946,0.008640157999294629,
2023-04-07 00:00:00+00:00,177750723.24604946,0.008640157999294629,
2023-04-08 00:00:00+00:00,178619484.51496944,0.003794861065674615,
2023-04-09 00:00:00+00:00,178290849.86088145,0.005627737989059245,
2023-04-10 00:00:00+00:00,178290849.86088145,0.005627737989059245,
2023-04-11 00:00:00+00:00,178290849.86088145,0.005627737989059245,
2023-04-12 00:00:00+00:00,178290849.86088145,0.005627737989059245,
2023-04-13 00:00:00+00:00,179166642.92642546,0.0007432229827197823,
2023-04-14 00:00:00+00:00,179923989.5292675,0.0,0 days 00:00:02
2023-04-15 00:00:00+00:00,179923989.5292675,0.0,
2023-04-16 00:00:00+00:00,180895173.7192675,0.0,0 days 00:00:15
2023-04-17 00:00:00+00:00,181609651.5454555,0.0,0 days 00:00:12
2023-04-18 00:00:00+00:00,182512955.86179549,0.0,0 days 00:00:15
2023-04-19 00:00:00+00:00,183433963.26437148,0.0,0 days 00:00:09
2023-04-20 00:00:00+00:00,183433963.26437148,0.0,
2023-04-21 00:00:00+00:00,183433963.26437148,0.0,
2023-04-22 00:00:00+00:00,183433963.26437148,0.0,
2023-04-23 00:00:00+00:00,183433963.26437148,0.0,
2023-04-24 00:00:00+00:00,184100508.7003895,0.0,0 days 00:00:17
2023-04-25 00:00:00+00:00,184100508.7003895,0.0,
